Price,Size,Bed,Bath
3650000,819.0,2,2
6700000,1300.0,3,3
7500000,1320.0,3,3
6800000,1660.0,3,3
5200000,1075.0,3,2
3000000,550.0,2,2
3000000,550.0,2,2
6548000,1412.0,3,3
4700000,1000.0,3,3
6700000,1220.0,3,3
4350000,900.0,2,2
6000000,1050.0,2,2
8000000,1350.0,3,3
6000000,1200.0,3,3
4800000,850.0,2,2
6000000,1200.0,3,3
6000000,1200.0,3,3
7400000,1230.0,3,3
7500000,1250.0,3,3
6000000,1200.0,3,3
7400000,1230.0,3,3
7500000,1250.0,3,3
7500000,1250.0,3,3
7400000,1230.0,3,3
7400000,1230.0,3,3
7400000,1230.0,3,3
10000000,1500.0,3,3
7500000,1250.0,3,3
4000000,754.0,2,2
4200000,800.0,2,2
4300000,950.0,2,2
4700000,800.0,3,2
4700000,800.0,3,2
10500000,1553.0,3,3
5000000,1220.0,3,2
3500000,650.0,2,2
5600000,1175.0,3,2
3500000,650.0,2,2
2600000,650.0,2,2
10500000,1553.0,3,3
3500000,650.0,2,2
3200000,800.0,2,2
3500000,800.0,2,2
5400000,1015.0,3,2
5200000,1100.0,3,2
5500000,1100.0,3,2
3000000,650.0,2,2
3000000,650.0,2,2
3000000,650.0,2,2
3000000,650.0,2,2
5300000,950.0,3,2
4500000,920.0,3,2
4500000,920.0,3,2
4500000,920.0,3,2
5500000,1100.0,3,2
5500000,1100.0,3,2
3700000,850.0,2,2
6000000,1200.0,3,3
6000000,1145.0,3,2
3000000,650.0,2,2
4900000,935.0,3,2
3644000,650.0,2,2
7000000,1660.0,3,3
3100000,650.0,2,2
6000000,1100.0,3,3
4600000,850.0,2,2
11000000,1553.0,3,3
5500000,1150.0,3,3
6000000,1200.0,3,3
2900000,650.0,2,2
5500000,940.0,2,2
3000000,650.0,2,2
3100000,850.0,2,2
6800000,1285.0,3,3
4000000,1000.0,3,2
4800000,1050.0,3,2
6800000,1285.0,3,2
6800000,1208.0,3,2
7000000,1120.0,3,2
5000000,920.0,3,2
6500000,1070.0,3,3
9000000,1460.0,3,3
9700000,1380.0,3,3
5600000,1175.0,3,2
7000000,1463.0,3,3
8600000,1276.0,3,3
4800000,935.0,2,2
8000000,1485.0,3,4
7030000,1265.0,3,3
7500000,1220.0,3,3
7200000,1350.0,3,2
4300000,850.0,2,2
7200000,1350.0,3,3
6000000,1120.0,3,3
5000000,1220.0,3,2
7500000,1220.0,3,3
5000000,1220.0,3,2
5000000,1220.0,3,2
6000000,1050.0,3,2
8500000,1750.0,3,3
4300000,850.0,2,2
5600000,1150.0,3,2
7500000,1500.0,3,3
5500000,1050.0,3,2
11500000,2400.0,6,5
6000000,1015.0,2,2
5000000,1220.0,3,2
6400000,1040.0,2,2
5600000,1150.0,3,2
5725000,950.0,2,2
4500000,730.0,2,2
7030000,1265.0,3,3
7030000,1265.0,3,3
9713000,1675.0,3,3
4700000,950.0,2,2
6880000,1160.0,3,3
6300000,1160.0,3,3
7320000,1240.0,3,3
7320000,1240.0,3,3
7000000,1240.0,3,3
7320000,1240.0,3,3
4500000,860.0,2,2
5700000,980.0,2,2
5500000,1200.0,3,2
5500000,1200.0,3,2
4200000,1087.0,3,2
5725000,950.0,2,2
5725000,950.0,2,2
6880000,1160.0,3,3
6880000,1160.0,3,3
4200000,1000.0,3,2
6700000,1300.0,3,3
6800000,1300.0,3,3
11500000,1554.0,3,3
11500000,1554.0,3,3
11500000,1554.0,3,3
11500000,1554.0,3,3
11500000,1554.0,3,3
11500000,1554.0,3,3
2700000,700.0,2,1
2100000,600.0,2,2
2700000,700.0,2,1
3000000,700.0,2,1
2500000,700.0,2,1
3000000,700.0,2,1
2500000,700.0,2,2
8500000,1425.0,3,3
5000000,935.0,3,2
7500000,1320.0,3,3
7795000,1290.0,3,3
11399999,1650.0,4,4
9445000,1350.0,3,3
10000000,1375.0,3,3
10300000,1375.0,3,3
10300000,1375.0,3,3
10300000,1375.0,3,3
10300000,1375.0,3,3
7500000,1356.0,3,3
6000000,1090.0,3,3
4500000,840.0,2,2
6800000,1010.0,3,2
8675000,1450.0,3,3
10000000,1553.0,3,3
5000000,975.0,3,2
5200000,900.0,2,2
2520000,650.0,2,2
6500000,1300.0,3,2
8000000,1350.0,3,3
3200000,626.0,2,2
11000000,1553.0,3,4
12500000,1872.0,3,4
5800000,1300.0,4,4
5450000,1050.0,3,2
5450000,1050.0,3,2
5500000,1050.0,3,2
5450000,1050.0,3,2
9000000,1650.0,4,3
9000000,1650.0,4,3
9000000,1522.0,3,3
8000000,1450.0,3,3
5775000,1087.0,3,2
5560000,1100.0,3,2
5200000,1075.0,3,2
2500000,650.0,2,2
2800000,650.0,2,2
4900000,1003.0,3,2
5450000,1050.0,3,2
9000000,1650.0,4,3
4500000,825.0,2,2
3000000,650.0,2,2
6180000,1050.0,2,2
7700000,1290.0,3,3
7800000,1290.0,3,3
7700000,1280.0,3,3
4200000,740.0,2,2
6500000,1400.0,3,3
7800000,1250.0,3,3
4700000,1050.0,3,3
7700000,1290.0,3,3
7800000,1250.0,3,3
7800000,1250.0,3,3
8000000,1300.0,3,3
6800000,1250.0,3,2
7550000,1350.0,3,3
7200000,1220.0,3,2
3000000,700.0,2,1
3000000,700.0,2,1
2000000,450.0,1,1
7933000,1315.0,3,3
8950000,1500.0,3,3
9500000,1340.0,3,3
9500000,1340.0,3,3
9600000,1350.0,3,3
9600000,1350.0,3,3
4500000,1050.0,3,2
10000000,1480.0,3,3
10000000,1480.0,3,3
9500000,1480.0,3,3
9500000,1480.0,3,3
9500000,1480.0,3,3
6500000,1500.0,3,3
6450000,1170.0,3,2
6000000,1080.0,3,2
6800000,1245.0,3,2
6500000,1180.0,3,2
6500000,1180.0,3,2
5000000,975.0,3,2
2800000,650.0,2,2
5200000,1075.0,3,2
4850000,861.0,2,2
5000000,850.0,3,2
3000000,626.0,2,2
4500000,825.0,2,2
6200000,1300.0,3,2
4700000,1075.0,3,2
7400000,1230.0,3,3
7400000,1230.0,3,3
7400000,1230.0,3,3
5200000,950.0,3,2
10600000,1708.0,3,4
9800000,1400.0,3,3
5500000,1050.0,3,2
9500000,1600.0,3,3
10600000,1708.0,3,3
7800000,1200.0,3,3
3000000,650.0,2,2
4200000,895.0,2,2
2900000,650.0,2,2
3000000,650.0,2,2
5300000,1000.0,3,2
6000000,1050.0,3,3
9500000,1400.0,4,3
6000000,1000.0,3,2
4725000,1050.0,3,2
9800000,1460.0,3,3
4725000,1050.0,3,2
5200000,1250.0,3,3
8000000,1350.0,3,3
6500000,1180.0,3,3
5000000,1250.0,3,3
5200000,1250.0,3,3
5200000,1250.0,3,3
4275000,950.0,2,2
3300000,1157.0,4,2
6115000,1301.0,3,3
6115000,1301.0,3,3
5000000,1250.0,3,3
5000000,1250.0,3,3
5200000,1250.0,3,3
5200000,1250.0,3,3
6500000,1100.0,3,3
8500000,1460.0,3,3
9815000,1510.0,3,3
4600000,900.0,3,2
8000000,1655.0,4,3
3400000,625.0,2,2
7000000,1500.0,3,3
6700000,1125.0,3,3
4500000,1050.0,2,2
6500000,1100.0,3,3
5400000,1300.0,3,3
9815000,1510.0,3,3
9815000,1510.0,3,3
6800000,1200.0,3,3
4275000,950.0,2,2
4440000,925.0,3,2
8840000,1360.0,3,3
8840000,1360.0,3,3
8840000,1360.0,3,3
8840000,1360.0,3,3
8840000,1360.0,3,3
4400000,1050.0,3,3
4500000,1050.0,3,3
8880000,1480.0,3,3
6500000,1180.0,3,3
6200000,1050.0,3,2
6500000,1545.0,3,3
3200000,650.0,2,2
8100000,1415.0,3,3
8100000,1415.0,3,3
8100000,1415.0,3,3
8100000,1415.0,3,3
8100000,1415.0,3,3
8100000,1415.0,3,3
10000000,1480.0,3,3
4792000,1065.0,3,2
4320000,900.0,3,2
8000000,1450.0,3,3
4320000,900.0,3,2
4320000,900.0,3,2
8500000,1500.0,3,3
6000000,1175.0,3,2
11500000,1553.0,3,3
6500000,985.0,3,3
5000000,1000.0,3,2
6000000,1200.0,3,3
4440000,925.0,3,2
6500000,1350.0,3,3
6020000,1038.0,3,2
7256000,1251.0,3,3
5000000,900.0,3,2
10000000,1530.0,3,3
7256000,1251.0,3,3
7430000,1281.0,3,3
7500000,1200.0,3,2
4950000,1100.0,3,3
7000000,1450.0,3,3
4950000,1100.0,3,3
6000000,1175.0,3,2
6700000,1390.0,3,3
7900000,1260.0,3,3
7500000,1127.0,3,3
3600000,970.0,2,2
5000000,1120.0,3,2
3200000,650.0,2,2
4440000,925.0,3,2
5113000,875.0,2,2
8500000,1250.0,3,3
6200000,1050.0,3,2
7508000,1365.0,3,3
7508000,1365.0,3,3
7508000,1365.0,3,3
7508000,1365.0,3,3
7508000,1365.0,3,3
7508000,1365.0,3,3
7508000,1365.0,3,3
7508000,1365.0,3,3
7508000,1365.0,3,3
7508000,1365.0,3,3
7508000,1365.0,3,3
7508000,1365.0,3,3
7508000,1365.0,3,3
6600000,1150.0,3,3
7625000,1327.0,3,3
8200000,1510.0,3,3
4800000,980.0,3,2
4500000,1100.0,3,2
4275000,950.0,2,2
9000000,1770.0,3,3
4500000,905.0,2,2
7508000,1365.0,3,3
6000000,1175.0,3,2
9000000,1770.0,3,3
5000000,1050.0,3,2
6000000,1150.0,3,3
5670000,1260.0,3,3
4500000,1100.0,2,2
3500000,1000.0,3,2
2800000,1000.0,3,2
6200000,1103.0,3,2
3800000,815.0,2,2
4100000,825.0,2,2
5650000,1130.0,3,3
4150000,830.0,2,2
6600000,1260.0,3,3
9500000,1365.0,3,3
5000000,900.0,2,2
9000000,1800.0,4,4
3200000,650.0,2,2
3600000,650.0,2,2
3600000,650.0,2,2
3800000,815.0,2,2
4938000,775.0,2,2
5085000,1075.0,3,2
7508000,1365.0,3,3
5000000,1220.0,3,2
4900000,960.0,3,3
3800000,815.0,2,2
3800000,810.0,2,2
7000000,1400.0,3,3
5000000,1260.0,3,3
4000000,900.0,3,2
5513000,1225.0,3,3
4600000,900.0,3,2
8500000,1600.0,3,3
7200000,1430.0,3,3
6400000,1165.0,3,2
5500000,1180.0,3,3
6000000,1200.0,3,3
7800000,1400.0,3,3
5940000,1300.0,3,2
4650000,930.0,2,2
6800000,1250.0,4,4
3400000,625.0,2,2
3400000,625.0,2,2
3400000,625.0,2,2
6800000,1250.0,4,4
3400000,625.0,2,2
3400000,625.0,2,2
5000000,1060.0,3,2
6700000,1430.0,3,3
8000000,1400.0,3,3
4370000,950.0,2,2
7500000,1300.0,3,2
7000000,1220.0,3,3
4370000,950.0,2,2
8500000,1150.0,2,2
3663000,725.0,2,2
11500000,1553.0,3,3
4000000,900.0,2,2
5513000,1225.0,3,3
5750000,1150.0,3,2
2100000,650.0,2,2
2100000,650.0,2,2
3000000,630.0,2,1
4838000,1008.0,3,3
12000000,2260.0,3,3
5513000,1225.0,3,2
3000000,630.0,2,1
3500000,825.0,2,2
7500000,1180.0,2,2
9000000,1550.0,4,4
9600000,1680.0,3,3
9600000,1680.0,3,3
9600000,1680.0,3,3
7000000,1260.0,4,2
3500000,630.0,2,1
3500000,630.0,2,1
4464000,930.0,2,2
9600000,1680.0,3,3
5000000,1220.0,3,2
7500000,1378.0,3,3
4800000,1100.0,3,2
3800000,850.0,2,2
3800000,850.0,2,2
3700000,1000.0,2,2
3700000,1000.0,2,2
3700000,1000.0,2,2
8250000,1375.0,3,3
7500000,1275.0,3,3
3402000,810.0,2,2
7000000,1400.0,3,3
3700000,1000.0,2,2
11500000,1800.0,4,4
3825000,850.0,2,2
3825000,850.0,2,2
3825000,850.0,2,2
5750000,1150.0,3,2
4472000,1040.0,3,3
5513000,1225.0,3,2
5750000,1150.0,3,2
5025000,1005.0,3,2
3250000,700.0,2,2
3200000,728.0,2,2
2300000,600.0,2,2
2300000,600.0,2,2
8500000,1700.0,3,3
3800000,850.0,2,2
8000000,1250.0,3,3
2500000,650.0,2,2
5200000,1005.0,3,2
2000000,600.0,2,1
2000000,600.0,2,1
2000000,600.0,2,1
2000000,600.0,2,1
2000000,600.0,2,1
2000000,600.0,2,1
2000000,600.0,2,1
2000000,600.0,2,1
6740000,1348.0,3,3
3402000,810.0,2,2
6740000,1348.0,3,3
7315000,1463.0,3,3
7315000,1463.0,3,3
7315000,1463.0,3,3
5200000,1133.0,3,3
4800000,1060.0,3,2
3100000,650.0,2,2
4280000,1050.0,3,2
6200000,1180.0,3,2
3000000,650.0,2,2
4600000,800.0,2,2
7000000,1225.0,3,3
2000000,600.0,2,1
3402000,810.0,2,2
5750000,1150.0,3,2
5750000,1150.0,3,2
6000000,1150.0,3,3
7000000,1400.0,3,3
5000000,1220.0,3,2
5000000,1220.0,3,2
3825000,850.0,2,2
5000000,900.0,2,2
4000000,1000.0,3,2
4500000,900.0,3,2
6500000,1370.0,3,3
3850000,700.0,2,2
9500000,1600.0,3,4
5750000,1150.0,3,2
4815000,1070.0,3,2
4815000,1070.0,3,2
5000000,960.0,3,2
5513000,1225.0,3,2
15500000,2000.0,4,4
5500000,900.0,2,2
6740000,1348.0,3,3
3402000,810.0,2,2
3403000,815.0,2,2
10000000,1600.0,3,3
3200000,825.0,2,2
6000000,850.0,2,2
4700000,650.0,2,2
5000000,950.0,3,2
5750000,1150.0,3,2
7900000,1380.0,3,4
5500000,980.0,3,3
5750000,1150.0,3,2
5750000,1150.0,3,2
5750000,1150.0,3,2
5750000,1150.0,3,2
5750000,1150.0,3,2
5750000,1150.0,3,2
2500000,700.0,2,2
5115000,930.0,2,2
5115000,930.0,2,2
11600000,1553.0,3,3
4000000,650.0,2,2
5750000,1150.0,3,2
5750000,1150.0,3,2
4000000,800.0,2,2
4000000,800.0,2,2
4000000,800.0,2,2
4000000,800.0,2,2
4000000,800.0,2,2
5115000,930.0,2,2
4000000,800.0,2,2
4000000,800.0,2,2
4000000,800.0,2,2
4000000,800.0,2,2
4000000,800.0,2,2
4000000,800.0,2,2
4000000,800.0,2,2
4815000,1070.0,3,2
3422999,815.0,2,2
4000000,800.0,2,2
4000000,800.0,2,2
4000000,800.0,2,2
8000000,1175.0,3,3
4053000,965.0,3,2
4000000,800.0,2,2
3474000,965.0,3,2
3474000,850.0,3,2
4000000,800.0,2,2
4000000,800.0,2,2
4000000,800.0,2,2
3474000,965.0,3,2
3000000,900.0,2,2
2800000,650.0,2,2
8600000,1600.0,3,3
2800000,700.0,2,2
6300000,1370.0,3,3
5500000,950.0,3,2
4700000,650.0,2,2
2800000,700.0,2,2
7000000,1200.0,3,3
3850000,700.0,2,2
11000000,1553.0,3,3
4000000,1100.0,3,2
5000000,1100.0,3,2
5200000,906.0,2,2
2300000,650.0,2,2
8100000,1350.0,3,3
7900000,1073.0,3,2
8100000,1350.0,3,3
8100000,1350.0,3,3
8100000,1350.0,3,3
4536000,1080.0,3,2
4620000,1100.0,3,2
8000000,1730.0,4,4
5200000,1276.0,3,2
4800000,1000.0,2,2
5098000,1133.0,3,3
5670000,1260.0,3,3
3500000,650.0,2,2
5200000,1000.0,2,2
4500000,1050.0,3,2
8750000,1250.0,3,3
3400000,1060.0,3,2
1600000,350.0,1,1
4370000,950.0,2,2
3570000,850.0,2,2
5500000,1100.0,3,2
8500000,1400.0,3,3
4100000,850.0,2,2
4100000,850.0,2,2
4100000,850.0,2,2
4500000,1000.0,3,2
9000000,1250.0,3,3
4800000,1000.0,2,2
2000000,600.0,2,1
4500000,815.0,2,2
3500000,885.0,3,2
3000000,925.0,3,2
20000000,2610.0,4,5
9000000,1525.0,3,3
9300000,1300.0,3,3
4500000,1050.0,3,2
5200000,1050.0,3,2
14500000,1872.0,3,3
5000000,1258.0,3,3
5000000,1258.0,3,3
5000000,1258.0,3,3
10000000,1800.0,4,3
5500000,900.0,2,2
7000000,1200.0,3,3
8500000,1481.0,3,3
3500000,600.0,2,2
3500000,650.0,2,2
7325000,1050.0,3,3
8625000,1250.0,3,3
7325000,1050.0,3,3
11700000,1525.0,3,4
7975000,1150.0,3,3
7975000,1150.0,3,3
7975000,1150.0,3,3
8625000,1250.0,3,3
2916000,810.0,2,2
2916000,810.0,2,2
8625000,1250.0,3,3
6600000,1200.0,3,3
6350000,1150.0,3,3
6000000,1000.0,3,2
11500000,1545.0,3,3
2916000,810.0,2,2
2916000,810.0,2,2
2600000,700.0,2,2
4750000,950.0,2,2
7325000,1050.0,3,3
4400000,1120.0,3,3
3200000,850.0,2,2
4200000,950.0,2,2
9900000,1450.0,3,4
7975000,1150.0,3,3
3700000,856.0,2,2
7450000,1170.0,3,2
4342000,835.0,2,2
5304000,1020.0,3,2
3800000,930.0,2,2
5000000,1250.0,3,3
13000000,1900.0,3,4
8625000,1250.0,3,3
8625000,1250.0,3,3
7975000,1150.0,3,3
7975000,1150.0,3,3
7325000,1050.0,3,3
7325000,1050.0,3,3
5594000,1332.0,3,3
5000000,1250.0,3,3
5000000,1250.0,3,3
4200000,950.0,2,2
5000000,1000.0,3,2
6075000,1350.0,3,3
7500000,1310.0,3,3
4500000,850.0,3,2
4820000,1100.0,3,2
6950000,1390.0,3,3
7000000,1200.0,3,3
5040000,1200.0,3,3
7000000,1343.0,3,2
7000000,1323.0,3,3
7000000,1343.0,3,3
7850000,1245.0,3,3
8625000,1250.0,3,3
7325000,1050.0,3,3
6000000,1250.0,4,4
4500000,1000.0,3,3
7850000,1245.0,3,3
7450000,1170.0,3,2
7850000,1245.0,3,3
7450000,1170.0,3,2
9170000,1350.0,3,3
4425000,885.0,2,2
5000000,1083.0,3,2
8250000,1375.0,3,3
8000000,1500.0,3,3
8000000,1500.0,3,3
6500000,1150.0,3,3
2800000,650.0,2,2
2800000,650.0,2,2
7508000,1365.0,3,3
5250000,1250.0,3,3
4500000,884.0,2,2
4500000,884.0,2,2
3800000,884.0,2,2
12000000,2000.0,4,4
5650000,1130.0,3,3
10000000,1370.0,3,3
5000000,1100.0,3,3
5000000,1100.0,3,2
3800000,900.0,2,2
9060000,1510.0,3,3
9135000,1305.0,3,3
5300000,800.0,3,2
10000000,1518.0,4,3
7500000,1112.0,3,2
9060000,1510.0,3,3
9060000,1510.0,3,3
7359999,1232.0,3,3
6925000,1265.0,3,3
5500000,950.0,2,3
15600000,2400.0,3,4
15600000,2400.0,3,4
9060000,1510.0,3,3
6300000,1140.0,3,3
4700000,890.0,2,2
7558000,1265.0,3,3
6759999,1232.0,3,3
6759999,1232.0,3,3
4500000,1000.0,2,2
4410000,1050.0,3,3
4830000,1150.0,3,3
4410000,1050.0,3,3
8800000,1545.0,3,4
8500000,2000.0,4,4
7300000,1450.0,3,3
9205000,1315.0,3,3
9060000,1510.0,3,3
3400000,800.0,2,2
6600000,1350.0,3,3
6600000,1350.0,3,3
5500000,1265.0,3,3
6500000,1300.0,3,3
6500000,1300.0,3,3
8359999,1520.0,4,3
4830000,1150.0,3,3
3500000,650.0,2,2
2200000,600.0,2,2
2400000,600.0,2,2
2500000,612.0,2,2
4930000,1100.0,3,2
8250000,1375.0,3,3
5500000,1053.0,3,2
5000000,950.0,3,2
6500000,1368.0,3,3
6500000,1405.0,3,3
4800000,1000.0,2,2
4370000,950.0,2,2
8250000,1375.0,3,3
8250000,1375.0,3,3
8250000,1375.0,3,3
8250000,1375.0,3,3
2600000,650.0,2,2
8000000,1100.0,3,3
7800000,1660.0,3,3
9060000,1510.0,3,3
5500000,1150.0,3,3
8000000,1205.0,3,3
7359999,1232.0,3,3
4800000,1000.0,2,2
5200000,1000.0,2,2
4000000,930.0,3,2
8000000,1500.0,3,3
10500000,1553.0,3,3
2000000,600.0,2,1
4500000,1000.0,2,2
5400000,1200.0,3,3
6300000,1400.0,3,3
2800000,560.0,2,2
9590000,1370.0,3,3
11500000,1545.0,3,3
6000000,1250.0,3,3
3086000,834.0,2,2
4500000,1150.0,3,2
10000000,1350.0,3,3
4500000,1000.0,2,2
6075000,1350.0,3,3
6075000,1350.0,3,3
6075000,1350.0,3,3
6075000,1350.0,3,3
6075000,1350.0,3,3
6075000,1350.0,3,3
6075000,1350.0,3,3
6075000,1350.0,3,3
6075000,1350.0,3,3
4050000,900.0,2,2
2600000,950.0,2,2
8500000,1265.0,3,3
4000000,800.0,2,2
5650000,1130.0,3,3
5650000,1130.0,3,3
4150000,830.0,2,2
4500000,1000.0,2,2
6300000,1400.0,3,3
4000000,1000.0,3,3
7500000,1200.0,3,3
3200000,675.0,2,2
3100000,675.0,2,2
2500000,675.0,2,2
6075000,1350.0,3,3
4050000,900.0,2,2
7750000,1430.0,3,3
4000000,930.0,3,2
7300000,1400.0,3,3
4300000,1000.0,3,2
8000000,1600.0,4,4
7800000,1425.0,3,3
8200000,1675.0,3,3
6500000,1100.0,3,2
8500000,1366.0,3,3
8806000,1258.0,3,3
8806000,1258.0,3,3
8806000,1258.0,3,3
8806000,1258.0,3,3
8806000,1258.0,3,3
8806000,1258.0,3,3
8806000,1258.0,3,3
8806000,1258.0,3,3
8806000,1258.0,3,3
8806000,1258.0,3,3
8000000,1600.0,4,4
8806000,1258.0,3,3
8806000,1258.0,3,3
10000000,1670.0,3,3
4500000,850.0,2,2
8500000,1366.0,3,3
8500000,1366.0,3,3
6500000,1100.0,3,2
6500000,1450.0,3,3
5500000,1140.0,3,3
6300000,1400.0,3,3
5200000,960.0,3,2
9200000,1310.0,3,3
6500000,1370.0,3,3
6600000,1200.0,3,3
8000000,1600.0,4,4
5400000,1300.0,4,4
3094000,910.0,3,2
7500000,1398.0,3,3
7000000,1050.0,3,2
7000000,1285.0,3,3
11600000,1553.0,3,3
4500000,1050.0,3,3
2400000,675.0,2,2
3200000,675.0,2,2
3100000,675.0,2,2
2500000,675.0,2,2
7500000,1400.0,3,3
9800000,1600.0,3,3
9900000,1600.0,3,3
4000000,850.0,3,2
2000000,600.0,2,1
7500000,1250.0,3,3
7500000,1250.0,3,3
7500000,1250.0,3,3
7500000,1250.0,3,3
5200000,878.0,2,2
8000000,1300.0,3,3
8000000,1300.0,3,3
7000000,1320.0,3,3
7000000,1320.0,3,3
7000000,1320.0,3,3
7000000,1320.0,3,3
7000000,1320.0,3,3
4830000,1050.0,3,3
4000000,750.0,2,2
4000000,750.0,2,2
3150000,900.0,3,3
5000000,1000.0,3,3
7500000,1150.0,3,3
6538000,1391.0,3,3
6614000,1378.0,3,3
7000000,1320.0,3,3
7000000,1320.0,3,3
7000000,1320.0,3,3
7000000,1320.0,3,3
7000000,1320.0,3,3
2000000,600.0,2,1
2000000,600.0,2,1
2000000,600.0,2,1
8000000,1159.0,3,3
7000000,1320.0,3,3
2000000,600.0,2,1
5600000,1180.0,3,2
4000000,1200.0,3,3
5200000,1205.0,3,2
6720000,1150.0,3,3
4800000,900.0,2,2
5600000,1270.0,3,2
5750000,1150.0,3,2
2000000,600.0,2,1
7352000,1260.0,3,3
7220000,1235.0,3,3
7352000,1260.0,3,3
9800000,1800.0,3,4
6264000,1055.0,3,3
7000000,1320.0,3,3
7000000,1320.0,3,3
7352000,1260.0,3,3
7500000,1288.0,3,3
3300000,650.0,2,2
6000000,1300.0,4,4
2500000,800.0,2,2
11000000,1553.0,3,3
5500000,1000.0,2,2
5500000,1050.0,3,2
6300000,1400.0,3,3
4000000,1150.0,3,3
7500000,1412.0,3,3
6000000,1600.0,3,3
3150000,900.0,3,3
3150000,900.0,3,3
3150000,900.0,3,3
3150000,900.0,3,3
5500000,1220.0,3,3
5800000,1250.0,3,3
4000000,650.0,2,2
6000000,1500.0,3,3
5625000,1125.0,3,2
5125000,1025.0,3,2
9275000,1350.0,3,3
6000000,1250.0,3,2
3150000,900.0,3,3
6000000,1035.0,3,2
4225000,650.0,2,2
8918000,1858.0,3,3
9000000,1200.0,2,2
9080000,1320.0,3,3
9080000,1320.0,3,3
8500000,1200.0,3,3
8500000,1200.0,3,3
8500000,1200.0,3,3
8500000,1200.0,3,3
5500000,1100.0,3,2
5000000,975.0,3,2
7500000,1400.0,3,3
2100000,700.0,2,2
2100000,700.0,2,2
6500000,1435.0,3,3
4200000,1050.0,3,3
3000000,750.0,2,2
5500000,1300.0,3,3
5000000,1250.0,3,3
3400000,800.0,2,2
5600000,1050.0,3,3
6500000,1660.0,3,3
6500000,1660.0,3,3
4500000,1200.0,3,3
4400000,1200.0,3,3
3000000,700.0,2,2
3500000,900.0,2,2
10000000,1900.0,4,3
8200000,1400.0,3,3
8200000,1400.0,3,3
8200000,1400.0,3,3
8400000,1400.0,3,3
4300000,1200.0,3,3
4000000,1000.0,2,2
6500000,1350.0,3,3
8200000,1400.0,3,3
5500000,1150.0,3,3
4300000,900.0,2,2
5000000,975.0,3,2
3900000,930.0,3,3
3600000,900.0,2,2
2600000,656.0,2,2
5841000,1298.0,3,3
4000000,800.0,2,2
12000000,1653.0,3,3
7000000,1450.0,3,3
4500000,1150.0,3,2
5000000,1150.0,3,3
5000000,1150.0,3,3
6000000,1300.0,4,3
18000000,2400.0,5,4
4500000,975.0,3,3
2500000,850.0,2,2
2400000,850.0,2,2
3800000,850.0,2,2
6125000,1250.0,3,3
2500000,656.0,2,2
2600000,656.0,2,2
2500000,656.0,2,2
3200000,830.0,2,2
7400000,1500.0,3,4
4500000,1150.0,3,2
5000000,1100.0,3,2
6000000,940.0,2,2
8500000,1542.0,3,3
2400000,650.0,2,2
4200000,1000.0,3,2
13000000,2066.0,3,4
2500000,656.0,2,2
7400000,1500.0,3,4
5800000,1050.0,3,2
5450000,1050.0,3,2
4000000,1300.0,3,2
5616000,1248.0,3,3
5616000,1248.0,3,3
8140000,1400.0,3,3
4500000,1200.0,3,2
4900000,900.0,2,2
6300000,1400.0,3,3
6800000,1285.0,3,3
2400000,650.0,2,2
2500000,650.0,2,2
2200000,650.0,2,2
5500000,1250.0,3,2
6000000,1300.0,3,3
13500000,1872.0,3,3
5200000,1250.0,3,3
5200000,1100.0,3,3
5000000,955.0,3,2
6750000,1500.0,3,3
6300000,1400.0,3,3
6000000,1500.0,3,3
7000000,1412.0,3,3
8500000,1412.0,3,3
4000000,850.0,2,2
7000000,1361.0,3,4
4725000,1050.0,3,2
8500000,1450.0,3,3
6300000,1400.0,3,3
6300000,1400.0,3,3
6800000,1285.0,3,3
13500000,1872.0,3,3
3000000,650.0,2,2
5800000,1100.0,3,2
6133000,1115.0,3,3
6300000,1400.0,3,3
10500000,1553.0,3,3
6000000,1350.0,3,3
6000000,1350.0,3,3
6200000,1000.0,3,2
3841000,835.0,2,2
3700000,920.0,3,2
6000000,1100.0,3,3
7000000,1360.0,3,3
5500000,1050.0,3,2
5363000,975.0,3,2
5363000,975.0,3,2
5363000,975.0,3,2
5363000,975.0,3,2
4000000,1000.0,2,2
5000000,1050.0,3,2
4725000,1050.0,3,2
4500000,1000.0,2,2
3800000,1000.0,3,2
4500000,1000.0,2,2
5000000,1075.0,3,2
5363000,975.0,3,2
4000000,950.0,3,2
8000000,1265.0,3,2
8500000,1275.0,3,3
7500000,1500.0,3,3
7084999,1090.0,3,3
3500000,650.0,2,2
3000000,698.0,2,2
3060000,680.0,2,2
3060000,680.0,2,2
6000000,1050.0,3,2
6075000,1350.0,3,3
2800000,650.0,2,2
6000000,1500.0,3,3
4500000,1000.0,2,2
8000000,1265.0,3,3
5000000,1000.0,3,3
5300000,960.0,3,2
10500000,1500.0,3,3
8500000,1250.0,3,3
3600000,1000.0,2,2
3000000,698.0,2,2
3000000,698.0,2,2
5500000,930.0,3,3
6075000,1350.0,3,3
4500000,1000.0,2,2
4500000,1000.0,2,2
4500000,1000.0,2,2
4500000,950.0,2,2
4500000,950.0,2,2
4500000,950.0,3,2
4500000,950.0,3,2
4500000,950.0,3,2
4500000,950.0,3,2
4500000,950.0,3,2
4500000,950.0,3,2
4500000,950.0,3,2
5000000,1220.0,3,2
5000000,1220.0,3,2
5000000,1220.0,3,2
5000000,1220.0,3,2
6500000,1200.0,3,3
6096000,1270.0,3,3
7425000,1350.0,3,3
7425000,1350.0,3,3
7425000,1350.0,3,3
7425000,1350.0,3,3
7425000,1350.0,3,3
3000000,825.0,2,2
7750000,1550.0,3,4
6250000,1250.0,3,3
7750000,1250.0,3,4
6250000,1250.0,3,3
7750000,1550.0,3,4
6250000,1250.0,3,2
4750000,1250.0,3,2
4500000,1000.0,2,2
6609999,935.0,3,2
6300000,1400.0,3,3
4500000,950.0,2,2
4500000,950.0,2,2
4500000,950.0,2,2
4500000,950.0,3,2
4500000,950.0,3,2
4500000,950.0,3,2
4500000,950.0,3,2
4500000,950.0,3,2
6500000,1172.0,3,3
8400000,1400.0,3,3
4500000,1150.0,3,3
8500000,1250.0,3,3
8500000,1250.0,3,3
8500000,1250.0,3,3
4585000,1310.0,3,3
5850000,1300.0,3,3
5460000,1300.0,3,3
5200000,1300.0,3,3
4725000,1050.0,3,2
3800000,850.0,2,2
3800000,850.0,2,2
6200000,1200.0,3,3
3859000,839.0,2,2
6825000,1265.0,3,3
6825000,1265.0,3,3
5363000,975.0,3,3
4500000,950.0,2,2
4500000,950.0,2,2
4500000,950.0,2,2
4500000,950.0,3,2
4500000,950.0,3,2
3000000,630.0,2,2
6500000,1200.0,3,3
5000000,1150.0,3,3
6500000,1350.0,3,3
8040000,1250.0,3,3
8040000,1250.0,3,3
7425000,1350.0,3,3
2600000,650.0,2,2
14500000,1950.0,4,4
14500000,1950.0,4,4
7000000,1200.0,3,3
7000000,1200.0,3,3
5500000,1025.0,3,2
2000000,675.0,2,2
4750000,950.0,3,2
6500000,1270.0,3,3
6000000,1000.0,3,2
6300000,1400.0,3,3
6300000,1400.0,3,3
4500000,1000.0,2,2
2900000,800.0,3,2
6825000,1265.0,3,3
6000000,1160.0,3,2
4500000,950.0,2,2
4500000,950.0,2,2
4500000,950.0,2,2
4500000,950.0,2,2
4500000,950.0,2,2
3676000,919.0,2,2
2205000,650.0,2,2
3600000,800.0,2,2
3540000,885.0,2,2
4725000,1050.0,3,2
3800000,850.0,2,2
4500000,1050.0,3,2
4500000,1000.0,3,2
4500000,1000.0,3,2
4500000,1000.0,3,2
4200000,865.0,2,2
6300000,1050.0,3,3
7000000,1400.0,3,3
4500000,950.0,2,2
4500000,950.0,2,2
4500000,950.0,2,2
4500000,950.0,2,2
4500000,950.0,2,2
4500000,950.0,2,2
4500000,950.0,2,2
4388000,1097.0,3,2
4500000,1080.0,3,2
7500000,1300.0,3,3
7500000,1300.0,3,3
7500000,1300.0,3,3
6700000,1200.0,3,3
7500000,1300.0,3,3
3500000,825.0,2,2
7000000,1400.0,3,3
3500000,800.0,2,2
6500000,1240.0,3,3
4400000,1300.0,3,2
2200000,650.0,2,2
7500000,1160.0,3,3
1600000,450.0,2,1
4500000,950.0,2,2
4500000,950.0,2,2
4500000,950.0,2,2
4500000,950.0,2,2
4500000,950.0,2,2
3668000,917.0,2,2
3500000,650.0,2,2
5000000,1083.0,2,3
7900000,1300.0,3,3
4300000,1100.0,3,2
4300000,1100.0,3,2
4000000,1000.0,3,2
4300000,1100.0,3,2
11500000,1554.0,3,3
11500000,1554.0,3,3
11500000,1554.0,3,3
11500000,1554.0,3,3
6500000,944.0,3,2
11500000,1554.0,3,3
11500000,1554.0,3,3
4800000,1400.0,3,3
3500000,970.0,2,2
7500000,1350.0,3,3
6300000,1400.0,3,3
4500000,1000.0,3,2
8500000,1195.0,3,3
5200000,950.0,3,2
8000000,1250.0,3,3
5500000,1575.0,4,4
4200000,935.0,3,2
5500000,1575.0,4,4
5200000,1200.0,3,3
5000000,1012.0,3,3
3000000,650.0,2,2
2800000,650.0,2,2
4500000,1300.0,4,3
6800000,1260.0,3,3
6800000,1260.0,3,3
4500000,950.0,2,2
4500000,950.0,2,2
7900000,1300.0,3,3
7900000,1300.0,3,3
7900000,1300.0,3,3
8125000,1350.0,3,3
8400000,1400.0,3,3
8125000,1350.0,3,3
8125000,1350.0,3,3
8400000,1400.0,3,3
8125000,1350.0,3,3
7795000,1290.0,3,3
8675000,1450.0,3,3
8125000,1350.0,3,3
8675000,1450.0,3,3
8400000,1400.0,3,3
8500000,1350.0,3,3
2700000,600.0,2,2
9445000,1350.0,3,3
8500000,1730.0,4,4
7500000,1800.0,3,4
10300000,1375.0,3,3
3400000,775.0,2,2
6600000,1200.0,3,3
2500000,650.0,2,2
2500000,650.0,2,2
4000000,975.0,2,2
2500000,650.0,2,1
2500000,650.0,2,1
9200000,1400.0,4,3
6000000,1008.0,3,2
2500000,650.0,2,1
2500000,750.0,2,2
4500000,950.0,2,2
5852000,1463.0,3,3
5852000,1463.0,3,3
11200000,1720.0,3,3
7900000,1300.0,3,3
7900000,1300.0,3,3
8675000,1450.0,3,3
8400000,1400.0,3,3
8125000,1350.0,3,3
6000000,1600.0,3,3
6500000,1180.0,3,3
6500000,1180.0,3,3
8000000,1175.0,3,3
8500000,1250.0,3,3
8500000,1542.0,3,3
2500000,650.0,2,1
2500000,650.0,2,1
3500000,950.0,3,2
10000000,1670.0,3,3
3000000,750.0,2,2
5500000,1075.0,3,2
2500000,750.0,2,2
9200000,1200.0,3,3
7500000,1345.0,3,3
7900000,1300.0,3,3
4730000,1075.0,3,2
4000000,950.0,2,2
8125000,1350.0,3,3
8400000,1400.0,3,3
8400000,1400.0,3,3
4500000,975.0,3,2
4500000,975.0,3,3
2500000,650.0,2,1
10000000,1554.0,3,4
7000000,1450.0,3,4
9700000,1380.0,3,3
10000000,1554.0,3,4
10000000,1554.0,3,4
10000000,1554.0,3,4
10000000,1554.0,3,4
10000000,1554.0,3,4
4000000,820.0,2,2
6000000,1120.0,4,3
3500000,750.0,2,2
10000000,1350.0,3,3
7500000,1245.0,3,3
7500000,1245.0,3,3
7500000,1245.0,3,3
7500000,1245.0,3,3
4000000,1050.0,3,2
7500000,1365.0,3,3
7500000,1365.0,3,3
6825000,1265.0,3,3
5500000,950.0,2,2
6500000,1200.0,3,2
4200000,850.0,2,2
4500000,850.0,2,2
8500000,1600.0,4,3
4000000,1150.0,3,2
2800000,800.0,3,2
5967000,1085.0,3,3
5280000,960.0,3,2
7500000,1345.0,3,3
7500000,1345.0,3,3
7500000,1345.0,3,3
4888000,975.0,3,2
4888000,975.0,3,2
7500000,1345.0,3,3
7500000,1345.0,3,3
5170000,1100.0,3,3
5170000,1100.0,3,3
5170000,1100.0,3,3
7500000,1345.0,3,3
8167000,1485.0,3,3
5500000,1100.0,3,3
8167000,1485.0,3,3
7500000,1345.0,3,3
2200000,650.0,2,2
5000000,1550.0,3,3
7795000,1290.0,3,3
7900000,1550.0,3,3
6750000,1500.0,3,3
5850000,1300.0,3,3
6300000,1400.0,3,3
5850000,1300.0,3,3
7500000,1350.0,3,3
7900000,1350.0,3,3
7900000,1350.0,3,3
7900000,1350.0,3,3
7900000,1350.0,3,3
7250000,1350.0,3,3
5871000,1050.0,3,2
9500000,1325.0,3,3
8800000,1465.0,3,3
8800000,1465.0,3,3
9200000,1560.0,3,3
8800000,1465.0,3,3
8800000,1465.0,3,3
4700000,900.0,3,2
4500000,900.0,3,2
3200000,1150.0,3,2
4500000,1066.0,2,2
6300000,1250.0,3,3
4500000,900.0,3,2
4800000,1050.0,3,3
7000000,1200.0,3,3
4462000,970.0,3,3
7000000,1365.0,4,3
2000000,650.0,2,2
4800000,1220.0,3,3
4800000,1050.0,3,3
5000000,1100.0,3,3
6300000,1150.0,3,3
6300000,1150.0,3,3
6300000,1150.0,3,3
4800000,1050.0,3,3
4800000,1050.0,3,3
5500000,1100.0,3,3
5500000,1100.0,3,3
9200000,1300.0,3,3
8167000,1485.0,3,3
8167000,1485.0,3,3
7665000,1390.0,3,3
7665000,1390.0,3,3
7665000,1390.0,3,3
7665000,1390.0,3,3
8167000,1485.0,3,3
7665000,1390.0,3,3
8167000,1485.0,3,3
7665000,1390.0,3,3
7665000,1390.0,3,3
8167000,1485.0,3,3
8167000,1485.0,3,3
7665000,1390.0,3,3
8167000,1485.0,3,3
8167000,1485.0,3,3
4320000,1080.0,3,3
4320000,1080.0,3,3
4800000,1220.0,3,3
2200000,650.0,2,2
4500000,1150.0,3,3
2500000,500.0,2,2
7000000,1300.0,3,3
7500000,1300.0,3,3
5500000,1200.0,3,3
8400000,1400.0,3,3
8400000,1400.0,3,3
7795000,1290.0,3,3
8125000,1350.0,3,3
10900000,1553.0,3,3
7200000,1275.0,3,3
3500000,650.0,2,2
3800000,850.0,2,2
9500000,1535.0,3,3
6200000,1050.0,2,2
4200000,750.0,2,2
8800000,1445.0,3,3
7000000,1360.0,3,3
5450000,1050.0,3,2
5500000,1050.0,3,2
5375000,975.0,3,3
5363000,975.0,3,3
5363000,975.0,3,3
5363000,975.0,3,3
6000000,1131.0,3,3
6200000,1180.0,3,3
7500000,1350.0,3,3
6100000,1140.0,3,2
6500000,1200.0,3,3
7900000,1350.0,3,3
7900000,1350.0,3,3
5200000,1087.0,3,2
5967000,1085.0,3,3
4275000,855.0,2,2
5967000,1085.0,3,3
5170000,1100.0,3,3
5500000,1100.0,3,3
4800000,1050.0,3,3
6300000,1150.0,3,3
9200000,1300.0,3,3
5170000,1100.0,3,3
2310000,650.0,2,2
7300000,1480.0,3,3
8000000,1371.0,3,3
7500000,1050.0,3,2
5000000,1160.0,3,3
3400000,850.0,3,2
8500000,1260.0,4,2
6325000,1150.0,3,2
7400000,1350.0,3,3
5170000,1100.0,3,3
11000000,1550.0,3,3
6300000,1150.0,3,3
5750000,1150.0,3,2
5800000,1150.0,3,2
5750000,1150.0,3,2
5500000,1150.0,3,2
5600000,1100.0,3,2
6000000,1150.0,3,2
5700000,1050.0,3,2
6050000,1100.0,3,2
6325000,1150.0,3,2
5700000,1050.0,3,2
6050000,1100.0,3,2
6325000,1150.0,3,2
5000000,1050.0,3,2
5750000,1150.0,3,2
5500000,1100.0,3,2
5250000,1050.0,3,2
5500000,1100.0,3,2
5000000,1280.0,3,2
3500000,900.0,2,2
7200000,1700.0,4,3
6500000,1400.0,3,3
4200000,850.0,2,2
4500000,1230.0,3,2
5500000,1100.0,3,3
5000000,1258.0,3,3
5000000,1258.0,3,3
2500000,629.0,2,2
2500000,629.0,2,2
14500000,2150.0,4,5
3985000,1050.0,3,3
2250000,650.0,2,2
4400000,950.0,2,2
2400000,650.0,2,2
4950000,1100.0,3,2
5400000,1200.0,3,3
2475000,900.0,2,2
16000000,2200.0,4,4
16000000,2200.0,4,4
7250000,1350.0,3,3
5000000,1200.0,3,3
5000000,1200.0,3,3
7500000,1350.0,3,3
7900000,1350.0,3,3
7900000,1350.0,3,3
7900000,1350.0,3,3
7900000,1350.0,3,3
3000000,680.0,2,2
6700000,1350.0,3,2
6000000,1600.0,3,3
5750000,1150.0,3,3
6812000,1310.0,3,3
5500000,1100.0,3,3
5250000,1050.0,3,2
7500000,1250.0,3,3
4000000,950.0,3,2
2500000,714.0,2,2
14200000,1872.0,3,3
5000000,1150.0,2,2
5500000,1050.0,3,2
6000000,1440.0,4,3
4500000,1080.0,3,2
6000000,1050.0,3,2
2700000,700.0,2,2
3000000,650.0,2,2
5500000,1398.0,3,3
3500000,1000.0,3,3
8000000,1450.0,3,3
3000000,650.0,2,2
3500000,650.0,2,2
7500000,1266.0,3,3
7500000,1266.0,3,3
5500000,1300.0,4,4
2500000,650.0,2,2
2700000,650.0,2,2
5000000,900.0,3,2
4950000,1100.0,3,2
4950000,1100.0,3,2
4950000,1100.0,3,2
4950000,1100.0,3,2
4950000,1100.0,3,2
4950000,1100.0,3,2
4950000,1100.0,3,2
4950000,1100.0,3,2
4950000,1100.0,3,2
4950000,1100.0,3,2
4950000,1100.0,3,2
5400000,1200.0,3,3
5400000,1200.0,3,3
6500000,1300.0,4,4
6000000,1330.0,3,2
8775000,1170.0,3,3
6000000,1140.0,3,2
7205000,1310.0,3,3
7205000,1310.0,3,3
4500000,1055.0,2,3
10000000,1650.0,4,3
7000000,1250.0,3,3
7000000,1250.0,3,3
8200000,1350.0,3,3
8200000,1350.0,3,3
9800000,1850.0,3,3
9800000,1850.0,3,3
8200000,1420.0,3,3
5600000,1140.0,3,2
9500000,1550.0,3,3
7550000,1350.0,3,3
8050000,1450.0,3,3
8073000,1400.0,3,3
8073000,1400.0,3,3
3500000,650.0,2,2
4000000,1120.0,3,2
4000000,875.0,2,2
4000000,875.0,2,2
4500000,920.0,2,2
4500000,1000.0,2,2
4500000,920.0,2,2
8538000,1425.0,3,3
8538000,1425.0,3,3
8950000,1500.0,3,3
8538000,1425.0,3,3
8950000,1500.0,3,3
8538000,1425.0,3,3
7933000,1315.0,3,3
7933000,1315.0,3,3
8950000,1500.0,3,3
7933000,1315.0,3,3
4000000,650.0,2,2
11399999,1650.0,4,4
5500000,1103.0,3,3
6500000,1242.0,3,3
4500000,1000.0,3,2
6500000,1150.0,3,2
3500000,900.0,2,2
9000000,1500.0,3,4
4950000,1100.0,3,2
4950000,1100.0,3,2
4950000,1100.0,3,2
4950000,1100.0,3,2
4950000,1100.0,3,2
4950000,1100.0,3,2
4950000,1100.0,3,2
4950000,1100.0,3,2
4950000,1100.0,3,2
4950000,1100.0,3,2
5400000,1200.0,3,3
5400000,1200.0,3,3
5400000,1200.0,3,3
5400000,1200.0,3,3
5400000,1200.0,3,3
4950000,1100.0,3,2
4950000,1100.0,3,2
4950000,1100.0,3,2
4950000,1100.0,3,2
4950000,1100.0,3,2
5400000,1200.0,3,3
3200000,650.0,2,2
3990000,950.0,3,2
8000000,1400.0,3,3
2400000,600.0,2,2
6000000,1100.0,3,3
4700000,900.0,3,2
4700000,900.0,3,2
8167000,1485.0,3,3
8600000,1760.0,3,3
8575000,1750.0,3,3
8800000,1760.0,3,3
8000000,1225.0,3,2
9000000,1480.0,3,3
8750000,1250.0,3,2
5000000,1250.0,3,3
3600000,850.0,3,2
3600000,850.0,3,2
3600000,1000.0,3,2
6200000,1140.0,3,2
6200000,1140.0,3,2
6200000,1140.0,3,2
3000000,650.0,2,2
3000000,650.0,2,2
3200000,650.0,2,2
6850000,1500.0,3,3
4900000,1170.0,3,3
4200000,1080.0,3,3
5300000,1390.0,3,3
7500000,1250.0,3,3
6500000,1300.0,3,3
6500000,1300.0,3,3
6500000,1300.0,3,3
6500000,1300.0,3,3
6500000,1300.0,3,3
7000000,1450.0,3,3
4508000,980.0,2,2
4000000,800.0,2,2
8200000,1250.0,3,3
11500000,2000.0,3,3
8500000,1470.0,3,4
13100000,1872.0,3,4
6500000,1350.0,3,3
6500000,1350.0,3,3
6500000,1350.0,3,3
15500000,2000.0,3,3
5000000,1100.0,3,3
6500000,1350.0,3,3
10800000,1800.0,3,3
4700000,990.0,3,3
3500000,825.0,2,2
8500000,1700.0,3,3
6000000,1390.0,3,3
3570000,850.0,2,2
3570000,850.0,2,2
6812000,1310.0,3,3
5500000,1265.0,3,2
6000000,1280.0,3,2
6000000,1160.0,3,2
8000000,1400.0,3,3
9800000,1850.0,3,3
8200000,1420.0,3,3
3300000,850.0,2,2
3300000,850.0,2,2
5800000,1050.0,3,2
7800000,1085.0,3,2
4410000,1050.0,3,2
4073000,905.0,2,2
3825000,850.0,2,2
3570000,850.0,2,2
6600000,1200.0,3,4
12500000,2200.0,4,5
6463000,1175.0,3,3
4702000,855.0,2,2
5200000,980.0,3,3
17000000,2200.0,3,4
6500000,1154.0,3,3
7102000,1467.0,3,3
8442000,1687.0,4,4
5000000,1083.0,2,2
9000000,1380.0,3,3
6900000,1165.0,3,3
5500000,1250.0,3,3
2600000,650.0,2,2
2700000,650.0,2,2
1800000,650.0,2,2
2300000,650.0,2,2
4600000,1300.0,4,4
10500000,1553.0,3,3
3200000,650.0,2,2
7000000,1400.0,3,3
3500000,650.0,2,2
6500000,1300.0,3,3
8638000,1425.0,3,3
8638000,1425.0,3,3
8638000,1425.0,3,3
2500000,620.0,2,2
2800000,600.0,2,2
5800000,1300.0,4,4
3200000,700.0,2,2
2500000,650.0,2,2
6400000,1250.0,3,3
3000000,700.0,2,2
3000000,700.0,2,2
3000000,700.0,2,2
2000000,450.0,1,1
2000000,450.0,1,1
3000000,700.0,2,2
3000000,700.0,2,2
2000000,450.0,1,1
3000000,700.0,2,2
2000000,450.0,1,1
2000000,450.0,1,1
3000000,700.0,2,2
3000000,700.0,2,2
14300000,2600.0,4,4
7150000,1300.0,2,2
6500000,1320.0,3,3
4200000,1080.0,3,3
2800000,600.0,1,1
3500000,856.0,2,2
5750000,1150.0,3,3
7000000,1200.0,3,3
4000000,950.0,3,2
5000000,1100.0,3,2
5500000,1285.0,3,3
3800000,798.0,2,2
6500000,1350.0,3,3
6500000,1350.0,3,3
4200000,1100.0,3,3
5500000,1350.0,3,3
4200000,1100.0,3,3
4000000,900.0,2,2
1800000,650.0,2,2
6500000,1300.0,3,3
8000000,1400.0,3,3
9000000,1500.0,3,3
5800000,1050.0,3,2
3900000,800.0,2,2
5000000,1150.0,3,2
4500000,1070.0,3,2
7190000,1438.0,3,3
7000000,1400.0,3,3
5950000,1190.0,3,3
6000000,1330.0,3,2
4600000,1070.0,3,2
7000000,1060.0,3,2
7500000,1451.0,4,4
8500000,1550.0,3,3
6000000,1150.0,3,3
5500000,1100.0,3,3
3500000,850.0,2,2
3300000,850.0,2,2
5500000,1250.0,3,4
5500000,1250.0,3,4
3600000,1000.0,3,2
2700000,650.0,2,2
8000000,1670.0,3,3
6000000,1200.0,3,3
6000000,1200.0,3,3
3200000,700.0,2,2
2500000,700.0,2,2
6300000,1400.0,3,3
6300000,1400.0,3,3
3500000,1050.0,3,2
3990000,950.0,2,2
8137000,1580.0,4,4
2700000,670.0,2,2
2300000,580.0,2,2
5000000,1000.0,3,3
6174000,1372.0,3,3
8500000,1350.0,3,3
8700000,1450.0,3,3
5000000,1015.0,3,3
3200000,820.0,2,2
17500000,2500.0,6,4
8750000,1250.0,3,2
3600000,1000.0,3,2
16000000,2146.0,3,3
13300000,1775.0,3,3
8820000,1470.0,3,3
2000000,650.0,2,2
8820000,1470.0,3,3
8820000,1470.0,3,3
3000000,650.0,2,2
3000000,650.0,2,2
2908000,727.0,2,2
5816000,1454.0,4,4
5816000,1454.0,4,4
9000000,1260.0,3,3
5000000,1250.0,3,3
5000000,1250.0,3,3
2200000,600.0,2,2
2200000,650.0,2,2
4000000,1276.0,3,2
7000000,1200.0,3,3
2500000,875.0,3,2
2800000,650.0,2,2
6500000,1400.0,3,3
5800000,1300.0,3,3
3000000,650.0,2,2
9000000,1600.0,4,4
9000000,1600.0,4,4
12000000,1856.0,3,3
6000000,1100.0,3,3
4200000,865.0,2,2
4200000,910.0,2,2
5000000,1115.0,3,3
6600000,1320.0,3,3
6600000,1320.0,3,3
4000000,900.0,4,4
4095000,975.0,3,2
8000000,1420.0,3,3
8000000,1420.0,3,3
4800000,1010.0,3,2
2300000,522.0,2,2
2100000,650.0,2,2
7895999,1316.0,4,4
8580000,1560.0,4,3
2600000,645.0,2,2
6000000,1200.0,3,3
6200000,1100.0,3,3
6000000,1320.0,4,4
7500000,1600.0,4,3
7500000,1574.0,3,3
14000000,2200.0,4,4
5500000,985.0,3,2
4700000,900.0,2,2
14500000,2200.0,6,6
6600000,1250.0,3,3
13100000,2450.0,5,5
5000000,1200.0,3,2
6000000,1250.0,3,3
6750000,1296.0,3,3
2908000,727.0,2,2
7200000,1375.0,3,3
5400000,1400.0,4,4
3800000,850.0,3,2
3800000,850.0,3,2
6300000,1400.0,3,3
4725000,1050.0,3,2
3120000,780.0,2,2
3120000,780.0,2,2
9900000,1450.0,3,3
9900000,1450.0,3,3
9000000,1250.0,3,3
6600000,1200.0,3,3
2400000,650.0,2,2
4200000,1050.0,3,2
5796000,1260.0,3,3
4508000,980.0,2,2
7700000,1400.0,3,3
2300000,650.0,2,2
2300000,650.0,2,2
2300000,650.0,2,2
5750000,1250.0,3,3
4725000,1050.0,3,2
4500000,1000.0,3,2
5000000,1300.0,4,4
2500000,650.0,2,2
11299999,1800.0,4,4
6000000,1205.0,3,3
3400000,720.0,2,2
2500000,600.0,2,2
18000000,2350.0,4,4
7700000,1000.0,2,2
6000000,1421.0,4,3
6000000,1421.0,4,3
7000000,1235.0,3,3
8000000,1300.0,3,4
3500000,800.0,2,2
5000000,1050.0,3,2
16000000,2100.0,4,4
7000000,1050.0,2,2
7000000,1298.0,3,3
7000000,1298.0,3,3
7000000,1298.0,3,3
7000000,1298.0,3,3
3300000,850.0,2,2
4000000,950.0,3,2
4500000,961.0,2,2
7200000,1300.0,3,3
8000000,1350.0,3,3
8000000,1350.0,3,3
5500000,1125.0,3,3
5500000,1125.0,3,3
8000000,1350.0,3,3
5000000,1019.0,3,3
7300000,1076.0,3,3
6000000,1155.0,3,3
8000000,1320.0,3,3
8000000,1320.0,3,3
8700000,1450.0,3,3
8700000,1450.0,3,3
2500000,650.0,2,2
5000000,1300.0,4,4
5000000,1300.0,4,4
2500000,650.0,2,2
2500000,650.0,2,2
2000000,650.0,2,2
2470000,650.0,2,2
10000000,1500.0,3,3
9500000,1500.0,3,3
2500000,650.0,2,2
2500000,650.0,2,2
6000000,1381.0,3,3
2600000,650.0,2,2
6500000,1200.0,3,3
6500000,1200.0,3,3
3500000,710.0,2,1
2400000,650.0,2,2
4000000,800.0,2,2
7000000,1124.0,3,2
7000000,1124.0,3,2
2600000,650.0,2,2
2600000,650.0,2,2
2600000,650.0,2,2
2600000,650.0,2,2
4100000,900.0,3,2
6200000,1180.0,3,3
4100000,900.0,3,2
7375000,1315.0,3,3
7925000,1425.0,3,3
8300000,1500.0,3,3
3600000,1300.0,4,4
2300000,650.0,2,2
7500000,1310.0,3,3
7500000,1310.0,3,3
7500000,1310.0,3,3
7500000,1310.0,3,3
7500000,1310.0,3,3
7200000,1310.0,3,3
5000000,1050.0,2,3
5000000,1100.0,3,3
6200000,1200.0,3,2
5474000,1150.0,3,3
2000000,650.0,2,2
2200000,650.0,2,2
7230000,1205.0,3,3
8000000,1330.0,3,3
8200000,1400.0,3,3
6500000,1180.0,3,3
6500000,1100.0,3,3
3500000,850.0,2,2
5800000,1450.0,4,4
2700000,720.0,2,2
2400000,650.0,2,2
2400000,650.0,2,2
7000000,1280.0,3,3
3500000,850.0,2,2
2200000,650.0,2,2
2400000,650.0,2,2
2300000,650.0,2,2
5200000,1300.0,4,4
2500000,650.0,2,2
7500000,1400.0,3,3
7200000,1340.0,3,3
7200000,1340.0,3,3
7200000,1340.0,3,3
8140000,1400.0,3,3
9500000,1730.0,4,4
6500000,1575.0,3,3
6500000,1575.0,3,3
7895000,1316.0,4,4
6000000,1150.0,3,3
11000000,2450.0,5,5
6500000,1450.0,3,3
6800000,1450.0,3,3
4532000,1133.0,3,3
6600000,1220.0,3,3
3500000,800.0,2,2
7000000,1365.0,3,3
9000000,1575.0,3,3
5200000,940.0,3,3
6500000,1200.0,3,3
2500000,650.0,2,2
3000000,675.0,2,2
5000000,1140.0,3,2
7650000,1275.0,3,3
5500000,930.0,2,2
5300000,1140.0,3,3
4250000,850.0,2,2
4250000,850.0,2,2
7000000,1120.0,3,3
3000000,875.0,2,2
9540000,1800.0,3,3
7750000,1250.0,3,3
2300000,650.0,2,2
8242000,1298.0,3,3
8242000,1298.0,3,3
8242000,1298.0,3,3
8242000,1298.0,3,3
3500000,772.0,2,2
7500000,1545.0,4,4
4800000,1100.0,3,3
5000000,1050.0,3,3
5000000,1050.0,3,3
7000000,1545.0,4,4
6000000,1187.0,3,3
9000000,1845.0,4,4
11000000,1460.0,3,4
6000000,1273.0,3,3
3500000,838.0,2,2
11000000,1460.0,3,4
7750000,1250.0,3,3
3800000,1100.0,3,2
4800000,900.0,2,2
4800000,900.0,2,2
4800000,900.0,2,2
4800000,900.0,2,2
4800000,900.0,2,2
8500000,1620.0,4,3
8580000,1430.0,3,3
5330000,1050.0,3,2
3000000,650.0,2,2
8800000,1335.0,3,3
12000000,1578.0,3,4
12000000,1584.0,3,4
2500000,650.0,2,2
5782000,1112.0,3,2
2800000,650.0,2,2
2500000,780.0,2,2
7200000,1130.0,3,3
4702000,855.0,2,2
4500000,1300.0,4,4
2400000,650.0,1,2
12000000,1645.0,3,3
6500000,1250.0,3,3
4200000,815.0,2,2
6500000,1100.0,3,2
5000000,1075.0,3,2
7500000,1400.0,3,3
7500000,1400.0,3,3
4200000,800.0,2,2
4200000,800.0,2,2
7500000,1400.0,3,3
8140000,1400.0,3,3
7750000,1250.0,3,3
7000000,1300.0,3,2
7000000,1400.0,3,3
7500000,1545.0,4,4
3500000,772.0,2,2
8242000,1298.0,3,3
5000000,1136.0,3,3
6759999,1300.0,3,3
8200000,1175.0,3,3
8856000,1703.0,3,3
2800000,650.0,2,2
8500000,1600.0,4,3
8700000,1450.0,3,3
8700000,1450.0,3,3
8700000,1450.0,3,3
2500000,630.0,2,2
3000000,630.0,2,2
5200000,1190.0,3,4
7000000,1250.0,3,3
7205000,1310.0,3,3
8091000,1395.0,3,3
5700000,950.0,3,2
6600000,1200.0,3,2
5244000,1140.0,3,3
6500000,1200.0,3,3
4000000,1000.0,2,2
3200000,850.0,2,2
2000000,650.0,2,2
2575000,650.0,2,2
4995000,1110.0,3,3
3801000,905.0,2,2
5000000,1211.0,3,2
5500000,1170.0,3,2
8550000,1140.0,2,3
4200000,1100.0,3,2
7000000,1365.0,3,3
2500000,700.0,2,2
5000000,1200.0,3,3
2500000,630.0,2,2
11100000,1482.0,3,4
17000000,2200.0,3,3
6000000,1150.0,3,2
6500000,1200.0,3,2
4700000,1000.0,3,2
4500000,1000.0,3,2
8820000,1470.0,3,3
8820000,1470.0,3,3
12000000,2336.0,5,6
2000000,650.0,2,2
8000000,1400.0,3,3
6480000,1300.0,3,3
6000000,1100.0,3,3
7134999,1170.0,3,3
6570000,1174.0,3,3
6500000,1250.0,3,3
5500000,1100.0,2,2
7000000,1550.0,4,3
8240000,1200.0,3,3
5000000,1250.0,4,4
2500000,625.0,2,2
2300000,650.0,2,2
5000000,860.0,2,2
4730000,1075.0,3,2
8316000,1485.0,3,3
4500000,909.0,2,2
7275000,1325.0,3,3
2000000,650.0,2,2
3000000,600.0,2,2
2400000,670.0,2,2
5400000,1300.0,4,4
3700000,800.0,2,2
2000000,650.0,2,2
7500000,1350.0,3,3
3800000,850.0,2,2
9800000,1400.0,3,3
3400000,680.0,2,2
6150000,1170.0,3,3
8512000,1637.0,3,3
7700000,1100.0,3,2
7000000,1400.0,4,4
3000000,900.0,2,2
7600000,1450.0,3,3
2600000,650.0,2,2
2500000,650.0,2,2
5500000,1150.0,3,3
9500000,1400.0,2,2
3000000,800.0,2,2
3800000,1100.0,3,3
3500000,820.0,2,2
2500000,650.0,2,2
4275000,950.0,2,2
4700000,950.0,2,2
2300000,650.0,2,2
4702000,855.0,2,2
2700000,865.0,2,2
6450000,1230.0,3,3
4500000,1245.0,3,3
5500000,1088.0,3,3
4200000,950.0,3,2
6375000,1275.0,3,3
2300000,650.0,2,2
7500000,1400.0,3,3
7200000,1340.0,3,3
7200000,1340.0,3,3
8200000,1265.0,3,3
6800000,1300.0,3,3
4000000,800.0,2,2
5500000,1090.0,3,2
5000000,1150.0,3,2
2475000,900.0,2,2
7000000,1350.0,3,2
2700000,650.0,2,2
3800000,1000.0,2,2
4800000,1300.0,4,4
6000000,1185.0,3,3
5500000,1250.0,3,3
6200000,1280.0,3,3
4200000,950.0,3,2
6000000,1185.0,3,3
5600000,1330.0,3,2
6200000,1350.0,3,2
5000000,1150.0,3,2
4100000,1060.0,3,2
6500000,1300.0,3,3
2500000,850.0,3,2
3200000,800.0,2,2
3500000,850.0,2,2
5500000,1200.0,3,3
4200000,800.0,2,2
6500000,1250.0,4,3
7000000,1375.0,4,4
3700000,688.0,2,2
7200000,1375.0,4,4
4000000,850.0,2,2
5500000,1090.0,3,3
3000000,650.0,2,2
9500000,1425.0,3,4
6700000,1200.0,3,3
6200000,1180.0,3,2
6000000,1180.0,3,2
4500000,1133.0,3,3
5500000,1000.0,3,2
5500000,1000.0,3,2
3000000,675.0,2,2
8000000,1360.0,3,4
5100000,1000.0,3,2
5100000,1000.0,3,2
4200000,850.0,2,2
8500000,1700.0,4,4
6800000,1200.0,3,3
6000000,1275.0,3,3
10500000,1515.0,3,3
4500000,1000.0,3,2
12500000,1900.0,3,3
4200000,950.0,3,2
3300000,650.0,2,2
6300000,1400.0,3,3
5000000,1133.0,3,3
7500000,1427.0,3,4
6000000,1115.0,3,3
6000000,1115.0,3,3
4200000,800.0,2,2
4200000,800.0,2,2
3500000,800.0,2,2
4020000,1000.0,3,2
5500000,1100.0,3,3
4000000,875.0,2,2
7000000,1325.0,3,3
4000000,950.0,3,2
4300000,850.0,2,2
6000000,1245.0,3,2
4000000,1250.0,3,2
5800000,1150.0,3,3
3094000,910.0,3,2
4800000,1074.0,3,2
5000000,900.0,2,2
2000000,650.0,2,2
1250000,350.0,1,1
6834000,1139.0,3,2
8500000,1450.0,3,3
7500000,1500.0,3,3
5200000,1050.0,3,3
3200000,800.0,2,2
5300000,1200.0,3,2
16800000,2802.0,4,5
7500000,1215.0,3,3
3000000,650.0,2,2
7280000,1456.0,4,4
6800000,1260.0,3,3
6800000,1260.0,3,3
6700000,1300.0,3,3
3900000,960.0,3,2
6200000,1110.0,3,3
6200000,1000.0,2,3
4000000,880.0,2,2
4500000,1000.0,2,2
4500000,1000.0,2,2
4500000,1000.0,2,2
4500000,1000.0,2,2
4500000,1000.0,2,2
6000000,1100.0,3,3
4500000,975.0,2,2
6800000,1315.0,3,3
4500000,1000.0,2,2
2500000,650.0,2,1
2500000,650.0,2,1
2500000,650.0,2,1
6000000,1008.0,3,2
4000000,815.0,2,2
2500000,650.0,2,1
2500000,650.0,2,1
2500000,650.0,2,1
5000000,950.0,2,2
9600000,1400.0,3,3
3000000,800.0,2,2
3500000,950.0,3,2
3000000,750.0,2,2
9700000,1380.0,3,3
6500000,1275.0,3,3
9700000,1380.0,3,4
6700000,1500.0,3,3
15000000,2500.0,4,4
5500000,1075.0,3,2
5000000,1075.0,3,2
4300000,950.0,3,2
5362500,975.0,3,2
5362500,975.0,3,2
5362500,975.0,3,2
5362500,975.0,3,2
5362500,975.0,3,2
4000000,950.0,3,2
5500000,1175.0,3,2
8000000,1265.0,3,2
4500000,1100.0,3,2
10000000,1554.0,3,4
7000000,1450.0,3,4
8000000,1485.0,3,4
8000000,1265.0,3,3
4000000,1000.0,3,2
9700000,1380.0,3,3
10000000,1554.0,3,4
10000000,1554.0,3,4
10000000,1554.0,3,4
10000000,1554.0,3,4
10000000,1554.0,3,4
7000000,1429.0,3,3
7000000,1463.0,3,3
8600000,1276.0,3,3
4700000,900.0,2,2
2900000,800.0,3,2
10000000,1554.0,3,4
10000000,1554.0,3,4
4000000,820.0,2,2
6000000,1120.0,4,3
3500000,750.0,2,2
2500000,750.0,2,2
2500000,750.0,2,2
7500000,1500.0,3,3
6250000,1250.0,3,3
10000000,1350.0,3,3
6250000,1250.0,3,3
7500000,1245.0,3,3
6250000,1250.0,3,3
6250000,1250.0,3,3
7500000,1245.0,3,3
6250000,1250.0,3,3
7500000,1245.0,3,3
7500000,1245.0,3,3
4000000,1050.0,3,2
7500000,1365.0,3,3
7500000,1365.0,3,3
4500000,1114.0,3,3
4500000,950.0,2,2
7350000,1750.0,6,5
4600000,1145.0,3,3
6250000,1250.0,3,3
6825000,1265.0,3,3
6825000,1265.0,3,3
6825000,1265.0,3,3
6825000,1265.0,3,3
6825000,1265.0,3,3
6825000,1265.0,3,3
6825000,1265.0,3,3
5500000,950.0,2,2
3300000,860.0,2,2
4200000,1060.0,3,3
4200000,850.0,2,2
4200000,850.0,2,2
4500000,850.0,2,2
6250000,1250.0,3,3
6250000,1250.0,3,3
8500000,1600.0,4,3
6250000,1250.0,3,3
6250000,1250.0,3,3
6250000,1250.0,3,3
6250000,1250.0,3,3
4000000,1150.0,3,2
11000000,1553.0,3,3
10000005,1553.0,3,3
5967500,1085.0,3,3
4275000,855.0,2,2
7200000,1320.0,3,3
7500000,1345.0,3,3
7500000,1345.0,3,3
7500000,1345.0,3,3
6500000,1160.0,3,2
6500000,1160.0,3,2
6500000,1160.0,3,2
7000000,1220.0,3,3
7500000,1220.0,3,3
7500000,1220.0,3,3
7000000,1220.0,3,3
7000000,1220.0,3,3
6500000,1160.0,3,2
6500000,1160.0,3,2
10500000,1500.0,3,3
4887500,975.0,3,2
4887500,975.0,3,2
7500000,1345.0,3,3
7500000,1345.0,3,3
5500000,1000.0,3,2
5170000,1100.0,3,3
5170000,1100.0,3,3
5170000,1100.0,3,3
7500000,1345.0,3,3
7500000,1345.0,3,3
8167000,1485.0,3,3
5500000,1100.0,3,3
8167000,1485.0,3,3
8167000,1485.0,3,3
3200000,1150.0,3,2
4200000,1060.0,3,3
7200000,1350.0,3,3
5000000,975.0,3,2
4600000,878.0,2,2
4200000,1060.0,3,3
4200000,1060.0,3,3
4200000,1060.0,3,3
4300000,850.0,2,2
4300000,850.0,2,2
7200000,1350.0,3,3
6000000,1120.0,3,3
10000000,1553.0,3,3
2600000,650.0,2,2
4800000,1140.0,3,3
4800000,1140.0,3,3
4800000,1140.0,3,3
4500000,950.0,2,2
4500000,950.0,2,2
4500000,950.0,2,2
4500000,950.0,2,2
4500000,950.0,2,2
4500000,950.0,2,2
4500000,950.0,2,2
4500000,950.0,2,2
4500000,950.0,2,2
4500000,950.0,2,2
4500000,950.0,2,2
4500000,950.0,2,2
4500000,950.0,2,2
4500000,950.0,2,2
4500000,950.0,2,2
4500000,950.0,2,2
4500000,950.0,2,2
4500000,950.0,2,2
4500000,950.0,2,2
4500000,950.0,2,2
4500000,950.0,2,2
4500000,950.0,2,2
4500000,950.0,2,2
4500000,950.0,3,2
4500000,950.0,2,2
4500000,950.0,3,2
4500000,950.0,3,2
4500000,950.0,3,2
4500000,1066.0,2,2
4500000,950.0,2,2
4500000,950.0,2,2
4500000,950.0,3,2
4500000,950.0,2,2
4500000,950.0,3,2
4500000,950.0,3,2
4500000,950.0,3,2
4500000,950.0,3,2
4500000,950.0,3,2
4500000,950.0,3,2
4500000,950.0,3,2
6300000,1250.0,3,3
4500000,900.0,3,2
4500000,950.0,3,2
4500000,950.0,3,2
5000000,1220.0,3,2
5000000,1220.0,3,2
5000000,1220.0,3,2
5000000,1220.0,3,2
5000000,1220.0,3,2
5000000,1220.0,3,2
5000000,1220.0,3,2
5000000,1220.0,3,2
5000000,1220.0,3,2
5000000,1220.0,3,2
5000000,1220.0,3,2
5000000,1220.0,3,2
4000000,810.0,2,2
4800000,1050.0,3,3
7000000,1200.0,3,3
5000000,1080.0,3,2
6000000,1425.0,3,3
6300000,1425.0,3,3
6200000,1110.0,3,3
4462000,970.0,3,3
7000000,1365.0,4,3
5700000,1150.0,3,3
2000000,650.0,2,2
6250000,1250.0,3,3
6250000,1250.0,3,3
6250000,1250.0,3,3
5700000,1150.0,3,3
5700000,1150.0,3,3
5700000,1150.0,3,3
7500000,1345.0,3,3
6250000,1250.0,3,3
3600000,930.0,2,2
3676000,919.0,2,2
4800000,1220.0,3,3
4800000,1050.0,3,3
5852000,1463.0,3,3
6300000,1150.0,3,3
6300000,1150.0,3,3
6300000,1150.0,3,3
4800000,1050.0,3,3
4800000,1050.0,3,3
5500000,1100.0,3,3
5500000,1100.0,3,3
5500000,1100.0,3,3
8167000,1485.0,3,3
8167000,1485.0,3,3
7665000,1390.0,3,3
7665000,1390.0,3,3
7665000,1390.0,3,3
7665000,1390.0,3,3
8167000,1485.0,3,3
6500000,1172.0,3,3
8400000,1400.0,3,3
6500000,1360.0,3,3
2600000,650.0,2,2
8500000,1750.0,3,3
6352000,1463.0,3,3
3876000,919.0,2,2
4588000,1097.0,2,2
3868000,917.0,2,2
5600000,1150.0,3,2
7500000,1650.0,3,3
6352000,1463.0,3,3
7665000,1390.0,3,3
8167000,1485.0,3,3
7665000,1390.0,3,3
7665000,1390.0,3,3
8167000,1485.0,3,3
8167000,1485.0,3,3
7665000,1390.0,3,3
4500000,1150.0,3,3
8167000,1485.0,3,3
8167000,1485.0,3,3
5852000,1463.0,3,3
4388000,1097.0,3,2
11500000,2400.0,6,5
3668000,917.0,2,2
4000000,1000.0,3,2
4320000,1080.0,3,3
4320000,1080.0,3,3
4800000,1220.0,3,3
5170000,1100.0,3,3
6500000,1300.0,3,3
2200000,650.0,2,2
4500000,1150.0,3,3
5500000,1100.0,3,3
4800000,1050.0,3,3
6300000,1150.0,3,3
5170000,1100.0,3,3
2200000,650.0,2,2
5000000,1220.0,3,2
5000000,1220.0,3,2
4000000,1000.0,3,2
4200000,1050.0,3,2
4200000,1050.0,3,2
4720000,1180.0,3,3
4720000,1180.0,3,3
4820000,1100.0,3,2
4820000,1100.0,3,2
6240000,1015.0,2,2
6090000,1015.0,2,2
5880000,980.0,2,2
7300000,1480.0,3,3
7000000,1480.0,3,3
7000000,1480.0,3,3
5600000,1150.0,3,2
7000000,1480.0,3,3
8000000,1371.0,3,3
3800000,760.0,2,2
3800000,760.0,2,2
3800000,760.0,2,2
7500000,1050.0,3,2
5800000,1000.0,3,3
3000000,630.0,2,2
7375000,1250.0,3,3
7500000,1250.0,3,3
3500000,925.0,3,2
3800000,760.0,2,2
3800000,760.0,2,2
3400000,850.0,3,2
3400000,850.0,3,2
7375000,1250.0,3,3
8500000,1260.0,4,2
3400000,850.0,3,2
3400000,850.0,3,2
7500000,1250.0,3,3
6325000,1150.0,3,2
6000000,1250.0,3,3
4500000,1150.0,3,3
7500000,1125.0,3,2
5800000,1300.0,3,2
3825000,950.0,3,2
3825000,950.0,3,2
4210000,1060.0,3,2
4210000,1060.0,3,2
10000000,1750.0,4,4
7400000,1350.0,3,3
5170000,1100.0,3,3
11000000,1550.0,3,3
6300000,1150.0,3,3
6500000,1300.0,3,2
6000000,1167.0,3,3
5750000,1150.0,3,2
5250000,1050.0,3,2
5800000,1150.0,3,2
5750000,1150.0,3,2
5500000,1150.0,3,2
5600000,1100.0,3,2
6000000,1150.0,3,2
5700000,1050.0,3,2
6050000,1100.0,3,2
6325000,1150.0,3,2
5700000,1050.0,3,2
6050000,1100.0,3,2
6325000,1150.0,3,2
5000000,1050.0,3,2
5750000,1150.0,3,2
5500000,1100.0,3,2
5250000,1050.0,3,2
5750000,1150.0,3,2
5500000,1100.0,3,2
5000000,1550.0,3,3
6354000,1222.0,3,3
6300000,1213.0,3,3
6354000,1222.0,3,3
6300000,1213.0,3,3
4200000,875.0,2,2
2500000,500.0,2,2
7000000,1300.0,3,3
2500000,650.0,2,2
5700000,1267.0,3,3
5700000,1267.0,3,3
5700000,1267.0,3,3
3600000,850.0,2,2
5000000,1280.0,3,2
5970000,1298.0,3,3
5700000,1267.0,3,3
7500000,1300.0,3,3
5500000,1200.0,3,2
5500000,1200.0,3,2
5500000,1200.0,3,3
7200000,1700.0,4,3
3600000,800.0,2,2
6500000,1400.0,3,3
3200000,665.0,2,2
3000000,665.0,2,2
3000000,665.0,2,2
5600000,1310.0,3,3
3800000,760.0,2,2
3800000,760.0,2,2
3800000,760.0,2,2
3800000,760.0,2,2
3800000,760.0,2,2
9712500,1675.0,4,4
5725000,950.0,2,2
5725000,950.0,2,2
7000000,1350.0,3,3
6880000,1160.0,3,3
6880000,1160.0,3,3
7320000,1240.0,3,3
7320000,1240.0,3,3
7320000,1240.0,3,3
7320000,1240.0,3,3
7000000,1350.0,3,3
7000000,1350.0,3,3
3600000,900.0,3,2
2800000,700.0,2,2
7800000,1450.0,3,3
7000000,1700.0,3,3
6500000,1350.0,3,3
7000000,1463.0,3,3
7000000,1463.0,3,3
7800000,1450.0,3,3
5000000,1200.0,3,3
4000000,950.0,3,2
2500000,714.0,2,2
4200000,850.0,2,2
4700000,1087.0,3,2
3000000,750.0,2,2
2800000,750.0,2,2
3000000,750.0,2,2
14500000,1872.0,3,4
4500000,1230.0,3,2
14200000,1872.0,3,3
4800000,1050.0,3,2
5647200,1086.0,3,3
5720000,1100.0,3,3
6000000,1320.0,4,3
6700000,1070.0,3,3
5000000,1200.0,3,3
7000000,1320.0,3,3
4000000,1300.0,3,3
5500000,1100.0,3,3
5500000,1100.0,3,3
8000000,1450.0,3,3
4500000,1230.0,3,3
4500000,1230.0,3,3
4500000,1230.0,3,3
4500000,1230.0,3,3
3000000,615.0,2,2
4500000,1230.0,3,3
3300000,950.0,2,2
3300000,950.0,2,2
3000000,615.0,2,2
5500000,1150.0,3,2
6500000,1300.0,3,3
6500000,1300.0,3,3
6500000,1300.0,3,3
6500000,1300.0,3,3
4950000,1100.0,3,2
4950000,1100.0,3,2
4950000,1100.0,3,2
5000000,1150.0,2,2
7397500,1345.0,3,3
6462500,1175.0,3,2
4200000,1050.0,3,3
4200000,1050.0,3,3
4200000,1050.0,3,3
4200000,1050.0,3,3
4200000,1050.0,3,3
4200000,1050.0,3,3
4200000,1050.0,3,3
6700000,1200.0,3,3
6500000,1150.0,3,3
6750000,1350.0,3,3
6250000,1250.0,3,3
5500000,1050.0,3,2
5725000,950.0,2,2
5725000,950.0,2,2
6880000,1160.0,3,3
6880000,1160.0,3,3
7000000,1420.0,3,3
6000000,1440.0,4,3
6000000,1440.0,3,3
4500000,1080.0,3,2
2250000,650.0,2,2
6075000,1350.0,3,3
6075000,1350.0,3,3
6075000,1350.0,3,3
6075000,1350.0,3,3
4000000,760.0,2,2
3500000,650.0,2,2
3000000,714.0,2,2
6000000,1050.0,3,2
8459000,1137.0,3,3
8438000,1134.0,3,3
2700000,700.0,2,2
11200000,1720.0,3,3
8637500,1425.0,3,3
8637500,1425.0,3,3
3000000,650.0,2,2
5000000,1083.0,2,3
6700000,1300.0,3,3
6800000,1300.0,3,3
6100000,1300.0,3,3
6100000,1300.0,3,3
7900000,1300.0,3,3
7900000,1300.0,3,3
7900000,1300.0,3,3
7900000,1300.0,3,3
7900000,1300.0,3,3
7900000,1300.0,3,3
7900000,1300.0,3,3
4500000,1050.0,3,3
4000000,1120.0,3,2
4300000,1100.0,3,2
4300000,1100.0,3,2
4000000,1000.0,3,2
4300000,1100.0,3,2
6300000,1575.0,4,4
6300000,1575.0,4,4
4000000,875.0,2,2
4000000,875.0,2,2
5500000,1398.0,3,3
6300000,1575.0,4,4
4000000,920.0,2,2
4000000,920.0,2,2
11500000,1554.0,3,3
11500000,1554.0,3,3
11500000,1554.0,3,3
11500000,1554.0,3,3
11500000,1554.0,3,3
11500000,1554.0,3,3
11500000,1554.0,3,3
6500000,944.0,3,2
3500000,1000.0,3,3
11500000,1554.0,3,3
11500000,1554.0,3,3
11500000,1554.0,3,3
11500000,1554.0,3,3
4730000,1075.0,3,2
11500000,1554.0,3,3
8000000,1450.0,3,3
5000000,950.0,2,2
8125000,1350.0,3,3
8400000,1400.0,3,3
8125000,1350.0,3,3
8125000,1350.0,3,3
8400000,1400.0,3,3
8400000,1400.0,3,3
8125000,1350.0,3,3
8675000,1450.0,3,3
7932500,1315.0,3,3
8537500,1425.0,3,3
8537500,1425.0,3,3
8950000,1500.0,3,3
8950000,1500.0,3,3
8400000,1400.0,3,3
7795000,1290.0,3,3
8125000,1350.0,3,3
8537500,1425.0,3,3
8400000,1400.0,3,3
7795000,1290.0,3,3
8950000,1500.0,3,3
8537500,1425.0,3,3
8125000,1350.0,3,3
8675000,1450.0,3,3
7932500,1315.0,3,3
8400000,1400.0,3,3
7932500,1315.0,3,3
8950000,1500.0,3,3
7795000,1290.0,3,3
8400000,1400.0,3,3
8675000,1450.0,3,3
7932500,1315.0,3,3
3000000,650.0,2,2
3500000,650.0,2,2
7500000,1266.0,3,3
7500000,1266.0,3,3
8125000,1350.0,3,3
8675000,1450.0,3,3
8125000,1350.0,3,3
8400000,1400.0,3,3
7795000,1290.0,3,3
3200000,666.0,2,2
5500000,1206.0,3,3
4500000,1085.0,3,2
4500000,975.0,3,2
4500000,975.0,3,3
5000000,1000.0,3,2
7000000,1450.0,3,3
7000000,1450.0,3,3
7000000,1450.0,3,3
7000000,1450.0,3,3
5500000,1185.0,3,2
8500000,1350.0,3,3
6000000,1200.0,3,3
2700000,600.0,2,2
5500000,1185.0,3,2
5500000,1300.0,4,4
2500000,650.0,2,2
2700000,650.0,2,2
7500000,1343.0,3,3
11425000,1600.0,4,4
11425000,1600.0,4,4
11425000,1600.0,4,4
9410000,1340.0,3,3
9410000,1340.0,3,3
9410000,1340.0,3,3
9475000,1350.0,3,3
9475000,1350.0,3,3
9475000,1350.0,3,3
7900000,1550.0,3,3
4000000,750.0,2,2
7500000,1510.0,4,4
4412000,1103.0,3,3
6400000,1300.0,3,3
6500000,1242.0,3,3
7000000,1500.0,3,3
4500000,1000.0,3,2
6500000,1150.0,3,2
14000000,2490.0,4,4
9500000,1480.0,3,3
9500000,1480.0,3,3
8880000,1480.0,3,3
9000000,1480.0,3,3
9500000,1480.0,3,3
9500000,1480.0,3,3
8750000,1250.0,3,2
5000000,1250.0,3,3
3600000,850.0,3,2
3600000,850.0,3,2
6000000,1600.0,3,3
3600000,1000.0,3,2
6500000,1180.0,3,3
6500000,1180.0,3,3
9000000,1500.0,3,4
6200000,1140.0,3,2
6200000,1140.0,3,2
6200000,1140.0,3,2
5800000,1140.0,3,2
3000000,650.0,2,2
3000000,650.0,2,2
3200000,650.0,2,2
5850000,1300.0,3,3
6750000,1500.0,3,3
6300000,1400.0,3,3
6850000,1500.0,3,3
5850000,1300.0,3,3
6300000,1400.0,3,3
6300000,1400.0,3,3
5850000,1300.0,3,3
6750000,1500.0,3,3
6300000,1400.0,3,3
7500000,1350.0,3,3
7500000,1350.0,3,3
7900000,1350.0,3,3
7900000,1350.0,3,3
7900000,1350.0,3,3
7250000,1350.0,3,3
4900000,1170.0,3,3
6800000,1250.0,3,3
6000000,1340.0,3,3
4200000,1080.0,3,3
2500000,650.0,2,2
2500000,650.0,2,2
5300000,1390.0,3,3
5000000,850.0,3,2
8000000,1350.0,3,3
7500000,1250.0,3,3
22200000,3100.0,4,5
6000000,1275.0,3,4
2600000,650.0,2,2
5500000,1050.0,3,2
5500000,1100.0,2,2
2700000,650.0,2,2
22200000,3100.0,4,5
3000000,626.0,2,2
3200000,626.0,2,2
4500000,1110.0,3,2
1800000,650.0,2,2
8088000,1440.0,3,3
2300000,650.0,2,2
4600000,1300.0,4,4
10500000,1553.0,3,3
12500000,1872.0,3,4
3200000,900.0,2,2
3200000,650.0,2,2
11500000,1550.0,3,3
11500000,1550.0,3,3
3600000,1000.0,3,2
7000000,1400.0,3,3
9500000,1325.0,3,3
12000000,2000.0,4,4
3700000,650.0,2,2
3500000,650.0,2,2
4830000,1150.0,3,2
7000000,1300.0,3,3
7000000,1300.0,3,3
7000000,1300.0,3,3
6500000,1285.0,3,2
6500000,1285.0,3,2
6500000,1285.0,3,2
7000000,1300.0,3,3
7000000,1300.0,3,3
7000000,1300.0,3,3
7000000,1450.0,3,3
8637500,1425.0,3,3
8637500,1425.0,3,3
8637500,1425.0,3,3
8637500,1425.0,3,3
8637500,1425.0,3,3
8637500,1425.0,3,3
4508000,980.0,2,2
2500000,620.0,2,2
2800000,600.0,2,2
5800000,1300.0,4,4
3200000,700.0,2,2
4830000,1150.0,3,2
2500000,650.0,2,2
6400000,1250.0,3,3
3000000,700.0,2,2
3000000,700.0,2,2
3000000,700.0,2,2
2000000,450.0,1,1
2000000,450.0,1,1
3000000,700.0,2,2
3000000,700.0,2,2
2000000,450.0,1,1
3000000,700.0,2,2
2000000,450.0,1,1
2000000,450.0,1,1
3000000,700.0,2,2
3000000,700.0,2,2
3800000,830.0,2,2
8800000,1465.0,3,3
7000000,1220.0,3,3
8800000,1465.0,3,3
9200000,1560.0,3,3
8800000,1465.0,3,3
8800000,1465.0,3,3
14300000,2600.0,4,4
3500000,650.0,2,2
7150000,1300.0,2,2
6500000,1320.0,3,3
4200000,1080.0,3,3
4600000,950.0,3,2
4000000,650.0,2,2
2800000,600.0,1,1
6750000,1350.0,3,3
8250000,1500.0,3,3
5750000,1150.0,3,3
4000000,1020.0,3,2
4500000,1000.0,3,2
4500000,1000.0,3,3
4000000,950.0,3,2
5000000,1100.0,3,2
5500000,1285.0,3,3
8200000,1250.0,3,3
11500000,2000.0,3,3
10871000,1553.0,3,3
8500000,1470.0,3,4
13104000,1872.0,3,4
6000000,1100.0,3,3
7200000,1275.0,3,3
4700000,900.0,3,2
4500000,900.0,3,2
3800000,798.0,2,2
11000000,1553.0,3,4
8700000,1553.0,3,4
12500000,1872.0,3,4
4500000,1150.0,3,2
3000000,650.0,2,2
4900000,975.0,3,2
4600000,975.0,3,2
2500000,650.0,2,2
5800000,1300.0,4,4
3800000,850.0,2,2
3500000,850.0,2,2
6500000,1350.0,3,3
6500000,1350.0,3,3
6500000,1350.0,3,3
7500000,1750.0,5,4
15500000,2000.0,3,3
5000000,1100.0,3,3
6500000,1350.0,3,3
6500000,1350.0,3,3
6500000,1350.0,3,3
4950000,1100.0,3,2
4950000,1100.0,3,2
4950000,1100.0,3,2
4950000,1100.0,3,2
4950000,1100.0,3,2
4950000,1100.0,3,2
4950000,1100.0,3,2
4950000,1100.0,3,2
4950000,1100.0,3,2
4950000,1100.0,3,2
4950000,1100.0,3,2
4950000,1100.0,3,2
4950000,1100.0,3,2
4950000,1100.0,3,2
4950000,1100.0,3,2
4950000,1100.0,3,2
4950000,1100.0,3,2
4950000,1100.0,3,2
4950000,1100.0,3,2
4950000,1100.0,3,2
4950000,1100.0,3,2
4950000,1100.0,3,2
